analysis,model,device,dtype,batch_size,length,dim,param,time
length,monomial_approx,gpu,float32,8,100,8,2,0.4584855257999152
length,monomial_approx,gpu,float32,8,100,8,3,0.4987537059932947
length,monomial_approx,gpu,float32,8,100,8,4,0.4983950506430119
length,monomial_approx,gpu,float32,8,100,8,5,0.4381417234738667
length,sigkerax,gpu,float32,8,100,8,1,0.5975351900172731
length,monomial_approx,gpu,float32,8,125,8,2,0.4565134836981694
length,monomial_approx,gpu,float32,8,125,8,3,0.481883766905715
length,monomial_approx,gpu,float32,8,125,8,4,0.4298322776642938
length,monomial_approx,gpu,float32,8,125,8,5,0.4291358562962462
length,sigkerax,gpu,float32,8,125,8,1,0.6034266469844928
length,monomial_approx,gpu,float32,8,150,8,2,0.4758248273283243
length,monomial_approx,gpu,float32,8,150,8,3,0.4437002064660191
length,monomial_approx,gpu,float32,8,150,8,4,0.4360800629947334
length,monomial_approx,gpu,float32,8,150,8,5,0.4426235571348418
length,sigkerax,gpu,float32,8,150,8,1,0.6084606093354523
length,monomial_approx,gpu,float32,8,175,8,2,0.4309386481375744
length,monomial_approx,gpu,float32,8,175,8,3,0.4431570184727509
length,monomial_approx,gpu,float32,8,175,8,4,0.4429032353218645
length,monomial_approx,gpu,float32,8,175,8,5,0.4841504351546367
length,sigkerax,gpu,float32,8,175,8,1,0.6103559681990495
length,monomial_approx,gpu,float32,8,200,8,2,0.4343446365091949
length,monomial_approx,gpu,float32,8,200,8,3,0.4635270543706913
length,monomial_approx,gpu,float32,8,200,8,4,0.5055435133011391
length,monomial_approx,gpu,float32,8,200,8,5,0.5148606156775107
length,sigkerax,gpu,float32,8,200,8,1,0.6157781342044473
length,monomial_approx,gpu,float32,8,225,8,2,0.4411214445717633
length,monomial_approx,gpu,float32,8,225,8,3,0.4593588898424059
length,monomial_approx,gpu,float32,8,225,8,4,0.5066377831778178
length,monomial_approx,gpu,float32,8,225,8,5,0.4995474690416207
length,sigkerax,gpu,float32,8,225,8,1,0.6189297075228145
length,monomial_approx,gpu,float32,8,250,8,2,0.4444006406702101
length,monomial_approx,gpu,float32,8,250,8,3,0.4601243299742539
length,monomial_approx,gpu,float32,8,250,8,4,0.5119980518550923
length,monomial_approx,gpu,float32,8,250,8,5,0.5179222483808795
length,sigkerax,gpu,float32,8,250,8,1,0.6378671651085218
length,monomial_approx,gpu,float32,8,275,8,2,0.4327578266772131
length,monomial_approx,gpu,float32,8,275,8,3,0.4821598565516372
length,monomial_approx,gpu,float32,8,275,8,4,0.521933636860922
length,monomial_approx,gpu,float32,8,275,8,5,0.5223483050552508
length,sigkerax,gpu,float32,8,275,8,1,0.6369783205445856
length,monomial_approx,gpu,float32,8,300,8,2,0.4494244936698426
length,monomial_approx,gpu,float32,8,300,8,3,0.4750271063142766
length,monomial_approx,gpu,float32,8,300,8,4,0.5802049331832677
length,monomial_approx,gpu,float32,8,300,8,5,0.5562459297167758
length,sigkerax,gpu,float32,8,300,8,1,0.6578394351527095
length,monomial_approx,gpu,float32,8,325,8,2,0.4492872738434623
length,monomial_approx,gpu,float32,8,325,8,3,0.5043265328276902
length,monomial_approx,gpu,float32,8,325,8,4,0.5203157801491519
length,monomial_approx,gpu,float32,8,325,8,5,0.5258389744752398
length,sigkerax,gpu,float32,8,325,8,1,0.6499888633843511
length,monomial_approx,gpu,float32,8,350,8,2,0.4507408456411212
length,monomial_approx,gpu,float32,8,350,8,3,0.4894012698593239
length,monomial_approx,gpu,float32,8,350,8,4,0.5319553823210299
length,monomial_approx,gpu,float32,8,350,8,5,0.5271508139558136
length,sigkerax,gpu,float32,8,350,8,1,0.6472217782090107
length,monomial_approx,gpu,float32,8,375,8,2,0.4711438528417299
length,monomial_approx,gpu,float32,8,375,8,3,0.4993064207956195
length,monomial_approx,gpu,float32,8,375,8,4,0.5450223121636858
length,monomial_approx,gpu,float32,8,375,8,5,0.5422421467956156
length,sigkerax,gpu,float32,8,375,8,1,0.6742509103690585
length,monomial_approx,gpu,float32,8,400,8,2,0.4746634830565502
length,monomial_approx,gpu,float32,8,400,8,3,0.5077063028390209
length,monomial_approx,gpu,float32,8,400,8,4,0.5646243856754154
length,monomial_approx,gpu,float32,8,400,8,5,0.5477871779973308
length,sigkerax,gpu,float32,8,400,8,1,0.6909948583537092
length,monomial_approx,gpu,float32,8,425,8,2,0.476743553377067
length,monomial_approx,gpu,float32,8,425,8,3,0.5113208418091139
length,monomial_approx,gpu,float32,8,425,8,4,0.5562036940051863
length,monomial_approx,gpu,float32,8,425,8,5,0.550185977636526
length,sigkerax,gpu,float32,8,425,8,1,0.6698699432890862
length,monomial_approx,gpu,float32,8,450,8,2,0.4886553722123305
length,monomial_approx,gpu,float32,8,450,8,3,0.5164050316282859
length,monomial_approx,gpu,float32,8,450,8,4,0.5636791075424602
length,monomial_approx,gpu,float32,8,450,8,5,0.5656970409521213
length,sigkerax,gpu,float32,8,450,8,1,0.6673053749836981
length,monomial_approx,gpu,float32,8,475,8,2,0.4771596614737063
length,monomial_approx,gpu,float32,8,475,8,3,0.5164944430192312
length,monomial_approx,gpu,float32,8,475,8,4,0.5743411364965141
length,monomial_approx,gpu,float32,8,475,8,5,0.5674497548801204
length,sigkerax,gpu,float32,8,475,8,1,0.6799588887176166
length,monomial_approx,gpu,float32,8,500,8,2,0.4742877803898106
length,monomial_approx,gpu,float32,8,500,8,3,0.5328551505226642
length,monomial_approx,gpu,float32,8,500,8,4,0.5965735339559615
length,monomial_approx,gpu,float32,8,500,8,5,0.5798927824944258
length,sigkerax,gpu,float32,8,500,8,1,0.6828326674488684
length,monomial_approx,cpu,float32,8,100,8,2,0.7045945102969805
length,monomial_approx,cpu,float32,8,100,8,3,0.9352357573031136
length,monomial_approx,cpu,float32,8,100,8,4,0.9783361819572748
length,monomial_approx,cpu,float32,8,100,8,5,1.079291836824268
length,sigkerax,cpu,float32,8,100,8,1,1.122155415515105
length,monomial_approx,cpu,float32,8,125,8,2,0.7455660544801503
length,monomial_approx,cpu,float32,8,125,8,3,1.088795594482993
length,monomial_approx,cpu,float32,8,125,8,4,1.1056940493484335
length,monomial_approx,cpu,float32,8,125,8,5,1.3523291818176706
length,sigkerax,cpu,float32,8,125,8,1,1.1244203601187717
length,monomial_approx,cpu,float32,8,150,8,2,0.8644180758856237
length,monomial_approx,cpu,float32,8,150,8,3,1.3143542710070808
length,monomial_approx,cpu,float32,8,150,8,4,1.4595947141448655
length,monomial_approx,cpu,float32,8,150,8,5,1.7235746315370004
length,sigkerax,cpu,float32,8,150,8,1,1.1856794199751068
length,monomial_approx,cpu,float32,8,175,8,2,0.8965450297885885
length,monomial_approx,cpu,float32,8,175,8,3,1.5071231305288773
length,monomial_approx,cpu,float32,8,175,8,4,1.6628079561827085
length,monomial_approx,cpu,float32,8,175,8,5,2.1350399809889495
length,sigkerax,cpu,float32,8,175,8,1,1.2266379854020972
length,monomial_approx,cpu,float32,8,200,8,2,1.03937222637857
length,monomial_approx,cpu,float32,8,200,8,3,1.890341960825026
length,monomial_approx,cpu,float32,8,200,8,4,1.942232379379372
length,monomial_approx,cpu,float32,8,200,8,5,2.6760728686737516
length,sigkerax,cpu,float32,8,200,8,1,1.2662532351290186
length,monomial_approx,cpu,float32,8,225,8,2,1.0903072267925988
length,monomial_approx,cpu,float32,8,225,8,3,2.1260768979943045
length,monomial_approx,cpu,float32,8,225,8,4,2.2973423244742057
length,monomial_approx,cpu,float32,8,225,8,5,3.1691073306525746
length,sigkerax,cpu,float32,8,225,8,1,1.31781975661094
length,monomial_approx,cpu,float32,8,250,8,2,1.2480561211705208
length,monomial_approx,cpu,float32,8,250,8,3,2.828858928832536
length,monomial_approx,cpu,float32,8,250,8,4,2.754914922794948
length,monomial_approx,cpu,float32,8,250,8,5,3.839673008847361
length,sigkerax,cpu,float32,8,250,8,1,1.3635007076275845
length,monomial_approx,cpu,float32,8,275,8,2,1.3738281974413742
length,monomial_approx,cpu,float32,8,275,8,3,3.0821490014592805
length,monomial_approx,cpu,float32,8,275,8,4,3.200876207323745
length,monomial_approx,cpu,float32,8,275,8,5,4.568958570171769
length,sigkerax,cpu,float32,8,275,8,1,1.438246774720028
length,monomial_approx,cpu,float32,8,300,8,2,1.5563441573176533
length,monomial_approx,cpu,float32,8,300,8,3,3.5335059165178486
length,monomial_approx,cpu,float32,8,300,8,4,3.730446685881665
length,monomial_approx,cpu,float32,8,300,8,5,5.021487728382151
length,sigkerax,cpu,float32,8,300,8,1,1.488417378005882
length,monomial_approx,cpu,float32,8,325,8,2,1.6082266073208302
length,monomial_approx,cpu,float32,8,325,8,3,3.890069320332259
length,monomial_approx,cpu,float32,8,325,8,4,4.216649881952132
length,monomial_approx,cpu,float32,8,325,8,5,6.139352514486139
length,sigkerax,cpu,float32,8,325,8,1,1.647912270001446
length,monomial_approx,cpu,float32,8,350,8,2,2.1517090456715473
length,monomial_approx,cpu,float32,8,350,8,3,4.69840693116809
length,monomial_approx,cpu,float32,8,350,8,4,4.9262338966752095
length,monomial_approx,cpu,float32,8,350,8,5,7.177141877201696
length,sigkerax,cpu,float32,8,350,8,1,1.7027723621577024
length,monomial_approx,cpu,float32,8,375,8,2,2.366529675355802
length,monomial_approx,cpu,float32,8,375,8,3,5.245201477004836
length,monomial_approx,cpu,float32,8,375,8,4,5.517916356135781
length,monomial_approx,cpu,float32,8,375,8,5,8.142406009836122
length,sigkerax,cpu,float32,8,375,8,1,1.7951829916176696
length,monomial_approx,cpu,float32,8,400,8,2,2.629993624286726
length,monomial_approx,cpu,float32,8,400,8,3,5.943685347447172
length,monomial_approx,cpu,float32,8,400,8,4,6.4907725469674915
length,monomial_approx,cpu,float32,8,400,8,5,9.71874721852752
length,sigkerax,cpu,float32,8,400,8,1,1.8310767198757576
length,monomial_approx,cpu,float32,8,425,8,2,2.6034640899548926
length,monomial_approx,cpu,float32,8,425,8,3,6.2235381630404545
length,monomial_approx,cpu,float32,8,425,8,4,5.967479799175635
length,monomial_approx,cpu,float32,8,425,8,5,8.48478305595927
length,sigkerax,cpu,float32,8,425,8,1,2.11737574567087
length,monomial_approx,cpu,float32,8,450,8,2,3.2484081177972257
length,monomial_approx,cpu,float32,8,450,8,3,7.243300788026924
length,monomial_approx,cpu,float32,8,450,8,4,6.871601639858757
length,monomial_approx,cpu,float32,8,450,8,5,10.440573552933833
length,sigkerax,cpu,float32,8,450,8,1,2.1793694756925106
length,monomial_approx,cpu,float32,8,475,8,2,3.516263763497894
length,monomial_approx,cpu,float32,8,475,8,3,7.976265320011104
length,monomial_approx,cpu,float32,8,475,8,4,7.823977795662358
length,monomial_approx,cpu,float32,8,475,8,5,11.545180723226318
length,sigkerax,cpu,float32,8,475,8,1,2.316916130715981
length,monomial_approx,cpu,float32,8,500,8,2,3.922850363344575
length,monomial_approx,cpu,float32,8,500,8,3,8.835640788155919
length,monomial_approx,cpu,float32,8,500,8,4,8.72080178783896
length,monomial_approx,cpu,float32,8,500,8,5,12.69405654227982
length,sigkerax,cpu,float32,8,500,8,1,2.5419918868380287
order,monomial_approx,gpu,float32,8,32,8,2,0.4556020429978768
order,monomial_approx,gpu,float32,8,32,8,3,0.4865984177061667
order,monomial_approx,gpu,float32,8,32,8,4,0.4922359946649521
order,monomial_approx,gpu,float32,8,32,8,5,0.4877084566590686
order,monomial_approx,gpu,float32,8,32,8,6,0.5007853518084934
order,monomial_approx,gpu,float32,8,32,8,7,0.5004285802909484
order,monomial_approx,gpu,float32,8,32,8,8,0.4974198548588902
order,monomial_approx,gpu,float32,8,32,8,9,0.5061333021925142
order,monomial_approx,gpu,float32,8,32,8,10,0.5032595267208914
order,monomial_approx,gpu,float32,8,32,8,11,0.4960156177791456
order,monomial_approx,gpu,float32,8,32,8,12,0.5138245489603529
order,monomial_approx,gpu,float32,8,32,8,13,0.507162487677609
order,monomial_approx,gpu,float32,8,32,8,14,0.5099174890977641
order,monomial_approx,gpu,float32,8,32,8,15,0.5113007908221334
order,monomial_approx,gpu,float32,8,32,8,16,0.4827134398122628
order,monomial_approx,gpu,float32,8,32,8,17,0.4940519443092246
order,monomial_approx,gpu,float32,8,32,8,18,0.4901175660391648
order,monomial_approx,gpu,float32,8,32,8,19,0.488253514515236
order,sigkerax,gpu,float32,8,32,8,2,0.6652245480411997
order,sigkerax,gpu,float32,8,32,8,3,0.6779109917891523
order,sigkerax,gpu,float32,8,32,8,4,0.6657964449841529
order,sigkerax,gpu,float32,8,32,8,5,0.6979396305202196
order,sigkerax,gpu,float32,8,32,8,6,0.7008323773431281
order,sigkerax,gpu,float32,8,32,8,7,0.6983865149474392
order,sigkerax,gpu,float32,8,32,8,8,0.668497306217129
order,sigkerax,gpu,float32,8,32,8,9,0.6977816336633017
order,sigkerax,gpu,float32,8,32,8,10,0.6981388284669569
order,sigkerax,gpu,float32,8,32,8,11,0.7041549848703047
order,sigkerax,gpu,float32,8,32,8,12,0.7065104282616327
order,sigkerax,gpu,float32,8,32,8,13,0.7156941723078489
order,sigkerax,gpu,float32,8,32,8,14,0.7285842827986926
order,sigkerax,gpu,float32,8,32,8,15,0.7263520476408303
order,sigkerax,gpu,float32,8,32,8,16,0.7382780426802734
order,sigkerax,gpu,float32,8,32,8,17,0.7199228761407236
order,sigkerax,gpu,float32,8,32,8,18,0.7445408586257448
order,sigkerax,gpu,float32,8,32,8,19,0.7305900658636043
order,monomial_approx,cpu,float32,8,32,8,2,0.772462495486252
order,monomial_approx,cpu,float32,8,32,8,3,0.8634892283395553
order,monomial_approx,cpu,float32,8,32,8,4,0.9229998768229658
order,monomial_approx,cpu,float32,8,32,8,5,0.9562410696332032
order,monomial_approx,cpu,float32,8,32,8,6,1.0341881888452915
order,monomial_approx,cpu,float32,8,32,8,7,1.008890927187167
order,monomial_approx,cpu,float32,8,32,8,8,1.1426453474753846
order,monomial_approx,cpu,float32,8,32,8,9,1.169262262643315
order,monomial_approx,cpu,float32,8,32,8,10,1.2381722224721063
order,monomial_approx,cpu,float32,8,32,8,11,1.3104133054924507
order,monomial_approx,cpu,float32,8,32,8,12,1.3638518781711657
order,monomial_approx,cpu,float32,8,32,8,13,1.3887836971553045
order,monomial_approx,cpu,float32,8,32,8,14,1.4323686933688198
order,monomial_approx,cpu,float32,8,32,8,15,1.370621567320389
order,monomial_approx,cpu,float32,8,32,8,16,1.4857254849824433
order,monomial_approx,cpu,float32,8,32,8,17,1.4035354306688532
order,monomial_approx,cpu,float32,8,32,8,18,1.539311192658109
order,monomial_approx,cpu,float32,8,32,8,19,1.6210724419991795
order,sigkerax,cpu,float32,8,32,8,2,1.4621010414945583
order,sigkerax,cpu,float32,8,32,8,3,1.5528781431882333
order,sigkerax,cpu,float32,8,32,8,4,1.6393177293163417
order,sigkerax,cpu,float32,8,32,8,5,1.7450341326572625
order,sigkerax,cpu,float32,8,32,8,6,1.921984818841641
order,sigkerax,cpu,float32,8,32,8,7,2.1267891166886934
order,sigkerax,cpu,float32,8,32,8,8,2.393740026668335
order,sigkerax,cpu,float32,8,32,8,9,2.5328835523299253
order,sigkerax,cpu,float32,8,32,8,10,2.734367881979173
order,sigkerax,cpu,float32,8,32,8,11,3.0340228423398607
order,sigkerax,cpu,float32,8,32,8,12,3.383690395159647
order,sigkerax,cpu,float32,8,32,8,13,3.647812356512683
order,sigkerax,cpu,float32,8,32,8,14,3.728747337319267
order,sigkerax,cpu,float32,8,32,8,15,4.157978708351341
order,sigkerax,cpu,float32,8,32,8,16,4.4780809885123745
order,sigkerax,cpu,float32,8,32,8,17,4.394093478641783
order,sigkerax,cpu,float32,8,32,8,18,4.885580934506531
order,sigkerax,cpu,float32,8,32,8,19,5.112277967506088
dim,monomial_approx,cpu,float32,8,32,50,2,0.7695768841852745
dim,monomial_approx,cpu,float32,8,32,50,3,0.8675712393596768
dim,monomial_approx,cpu,float32,8,32,50,4,0.917153450039526
dim,monomial_approx,cpu,float32,8,32,50,5,0.9502176235740384
dim,sigkerax,cpu,float32,8,32,50,1,1.544412735849619
dim,sigkerax,cpu,float32,8,32,50,2,1.6576862384875617
dim,sigkerax,cpu,float32,8,32,50,3,1.7978759547695518
dim,sigkerax,cpu,float32,8,32,50,4,1.8920755522946515
dim,monomial_approx,cpu,float32,8,32,100,2,0.7814999064430594
dim,monomial_approx,cpu,float32,8,32,100,3,0.8848753071700534
dim,monomial_approx,cpu,float32,8,32,100,4,0.9361423399920265
dim,monomial_approx,cpu,float32,8,32,100,5,0.9658174257104596
dim,sigkerax,cpu,float32,8,32,100,1,1.606710317544639
dim,sigkerax,cpu,float32,8,32,100,2,1.7859307173639536
dim,sigkerax,cpu,float32,8,32,100,3,1.8710472555831077
dim,sigkerax,cpu,float32,8,32,100,4,2.017506318166852
dim,monomial_approx,cpu,float32,8,32,150,2,0.8236536091814438
dim,monomial_approx,cpu,float32,8,32,150,3,0.9220126994575064
dim,monomial_approx,cpu,float32,8,32,150,4,0.9682187885046004
dim,monomial_approx,cpu,float32,8,32,150,5,1.0013165045529604
dim,sigkerax,cpu,float32,8,32,150,1,1.6417315900325775
dim,sigkerax,cpu,float32,8,32,150,2,1.8022533087059855
dim,sigkerax,cpu,float32,8,32,150,3,1.9219619656602545
dim,sigkerax,cpu,float32,8,32,150,4,2.09854678530246
dim,monomial_approx,cpu,float32,8,32,200,2,0.8264031584064165
dim,monomial_approx,cpu,float32,8,32,200,3,0.919507997110486
dim,monomial_approx,cpu,float32,8,32,200,4,0.984623804067572
dim,monomial_approx,cpu,float32,8,32,200,5,0.999905644915998
dim,sigkerax,cpu,float32,8,32,200,1,1.638741925979654
dim,sigkerax,cpu,float32,8,32,200,2,1.8161062787597375
dim,sigkerax,cpu,float32,8,32,200,3,1.9649041468898456
dim,sigkerax,cpu,float32,8,32,200,4,2.09788237263759
dim,monomial_approx,cpu,float32,8,32,250,2,0.8299412910516063
dim,monomial_approx,cpu,float32,8,32,250,3,0.932584415189922
dim,monomial_approx,cpu,float32,8,32,250,4,0.9823579856504996
dim,monomial_approx,cpu,float32,8,32,250,5,1.0068386861433585
dim,sigkerax,cpu,float32,8,32,250,1,1.6681659137830138
dim,sigkerax,cpu,float32,8,32,250,2,1.8475679935266571
dim,sigkerax,cpu,float32,8,32,250,3,2.0084547298029065
dim,sigkerax,cpu,float32,8,32,250,4,2.141118905817469
dim,monomial_approx,cpu,float32,8,32,300,2,0.8337409337982535
dim,monomial_approx,cpu,float32,8,32,300,3,0.9355795870845516
dim,monomial_approx,cpu,float32,8,32,300,4,0.9845291801417868
dim,monomial_approx,cpu,float32,8,32,300,5,1.008871553465724
dim,sigkerax,cpu,float32,8,32,300,1,1.6686566537246108
dim,sigkerax,cpu,float32,8,32,300,2,1.8983797784894705
dim,sigkerax,cpu,float32,8,32,300,3,2.004269404647251
dim,sigkerax,cpu,float32,8,32,300,4,2.1383348321542144
dim,monomial_approx,cpu,float32,8,32,350,2,0.8380318032577634
dim,monomial_approx,cpu,float32,8,32,350,3,0.9410893035431704
dim,monomial_approx,cpu,float32,8,32,350,4,0.9853561113898952
dim,monomial_approx,cpu,float32,8,32,350,5,1.010318554006517
dim,sigkerax,cpu,float32,8,32,350,1,1.6800775916005175
dim,sigkerax,cpu,float32,8,32,350,2,1.9113883978376789
dim,sigkerax,cpu,float32,8,32,350,3,2.020915319522222
dim,sigkerax,cpu,float32,8,32,350,4,2.176871138935288
dim,monomial_approx,cpu,float32,8,32,400,2,0.8481413793439666
dim,monomial_approx,cpu,float32,8,32,400,3,0.9555373241504034
dim,monomial_approx,cpu,float32,8,32,400,4,1.003251990613838
dim,monomial_approx,cpu,float32,8,32,400,5,1.0184438194458685
dim,sigkerax,cpu,float32,8,32,400,1,1.6853386883934338
dim,sigkerax,cpu,float32,8,32,400,2,1.901569697074592
dim,sigkerax,cpu,float32,8,32,400,3,2.012589555233717
dim,sigkerax,cpu,float32,8,32,400,4,2.1943118954077363
dim,monomial_approx,cpu,float32,8,32,450,2,0.8542111736411849
dim,monomial_approx,cpu,float32,8,32,450,3,0.9575767150769632
dim,monomial_approx,cpu,float32,8,32,450,4,1.0008799874534209
dim,monomial_approx,cpu,float32,8,32,450,5,1.0308421840891242
dim,sigkerax,cpu,float32,8,32,450,1,1.715888281352818
dim,sigkerax,cpu,float32,8,32,450,2,1.921251012943685
dim,sigkerax,cpu,float32,8,32,450,3,2.059081190576156
dim,sigkerax,cpu,float32,8,32,450,4,2.22578065097332
dim,monomial_approx,cpu,float32,8,32,500,2,0.8602482602000237
dim,monomial_approx,cpu,float32,8,32,500,3,0.9583922643214464
dim,monomial_approx,cpu,float32,8,32,500,4,1.0133989655102291
dim,monomial_approx,cpu,float32,8,32,500,5,1.0354871079325676
dim,sigkerax,cpu,float32,8,32,500,1,1.717048799308638
dim,sigkerax,cpu,float32,8,32,500,2,1.93294682726264
dim,sigkerax,cpu,float32,8,32,500,3,2.093128309274713
dim,sigkerax,cpu,float32,8,32,500,4,2.2291805890078344
dim,monomial_approx,cpu,float32,8,32,550,2,0.8476339733848969
dim,monomial_approx,cpu,float32,8,32,550,3,0.9540436460326116
dim,monomial_approx,cpu,float32,8,32,550,4,1.00227742921561
dim,monomial_approx,cpu,float32,8,32,550,5,1.0290177008137107
dim,sigkerax,cpu,float32,8,32,550,1,1.7793501168489456
dim,sigkerax,cpu,float32,8,32,550,2,1.9449509199087816
dim,sigkerax,cpu,float32,8,32,550,3,2.0846754424273968
dim,sigkerax,cpu,float32,8,32,550,4,2.241452424786985
dim,monomial_approx,cpu,float32,8,32,600,2,0.8535627232243618
dim,monomial_approx,cpu,float32,8,32,600,3,0.9468124601989985
dim,monomial_approx,cpu,float32,8,32,600,4,0.9972545405228932
dim,monomial_approx,cpu,float32,8,32,600,5,1.0250228416795533
dim,sigkerax,cpu,float32,8,32,600,1,1.7580684004351497
dim,sigkerax,cpu,float32,8,32,600,2,1.9384957108025749
dim,sigkerax,cpu,float32,8,32,600,3,2.098677741984526
dim,sigkerax,cpu,float32,8,32,600,4,2.260093581241866
dim,monomial_approx,cpu,float32,8,32,650,2,0.855683388809363
dim,monomial_approx,cpu,float32,8,32,650,3,0.9577617406224213
dim,monomial_approx,cpu,float32,8,32,650,4,1.0046404820556445
dim,monomial_approx,cpu,float32,8,32,650,5,1.0326100547487538
dim,sigkerax,cpu,float32,8,32,650,1,1.774890650374194
dim,sigkerax,cpu,float32,8,32,650,2,1.9500104387601216
dim,sigkerax,cpu,float32,8,32,650,3,2.096870518599947
dim,sigkerax,cpu,float32,8,32,650,4,2.3085232730954885
dim,monomial_approx,cpu,float32,8,32,700,2,0.855217240129908
dim,monomial_approx,cpu,float32,8,32,700,3,0.9569936844830712
dim,monomial_approx,cpu,float32,8,32,700,4,1.0060923133666315
dim,monomial_approx,cpu,float32,8,32,700,5,1.0361637277528644
dim,sigkerax,cpu,float32,8,32,700,1,1.7889853846281767
dim,sigkerax,cpu,float32,8,32,700,2,1.9548836993053555
dim,sigkerax,cpu,float32,8,32,700,3,2.0955011742189527
dim,sigkerax,cpu,float32,8,32,700,4,2.331808215317627
dim,monomial_approx,cpu,float32,8,32,750,2,0.8598376826072732
dim,monomial_approx,cpu,float32,8,32,750,3,0.9592883003254732
dim,monomial_approx,cpu,float32,8,32,750,4,1.0090986921762426
dim,monomial_approx,cpu,float32,8,32,750,5,1.0438330229371786
dim,sigkerax,cpu,float32,8,32,750,1,1.7795128393918276
dim,sigkerax,cpu,float32,8,32,750,2,1.9860628095145028
dim,sigkerax,cpu,float32,8,32,750,3,2.1147337270279727
dim,sigkerax,cpu,float32,8,32,750,4,2.3579482451702156
dim,monomial_approx,cpu,float32,8,32,800,2,0.8503071088343859
dim,monomial_approx,cpu,float32,8,32,800,3,0.9485916439443828
dim,monomial_approx,cpu,float32,8,32,800,4,0.9985592135538658
dim,monomial_approx,cpu,float32,8,32,800,5,1.0391985327005386
dim,sigkerax,cpu,float32,8,32,800,1,1.7351101723810036
dim,sigkerax,cpu,float32,8,32,800,2,1.9322861973196268
dim,sigkerax,cpu,float32,8,32,800,3,2.0776616015161076
dim,sigkerax,cpu,float32,8,32,800,4,2.3554059291879335
dim,monomial_approx,cpu,float32,8,32,850,2,0.8575238697230816
dim,monomial_approx,cpu,float32,8,32,850,3,0.959134316071868
dim,monomial_approx,cpu,float32,8,32,850,4,1.0097870578368504
dim,monomial_approx,cpu,float32,8,32,850,5,1.0420505674555898
dim,sigkerax,cpu,float32,8,32,850,1,1.7837002618859212
dim,sigkerax,cpu,float32,8,32,850,2,1.9880846009279292
dim,sigkerax,cpu,float32,8,32,850,3,2.166659296490252
dim,sigkerax,cpu,float32,8,32,850,4,2.445512292906642
dim,monomial_approx,cpu,float32,8,32,900,2,0.8703675319751104
dim,monomial_approx,cpu,float32,8,32,900,3,0.963557050252954
dim,monomial_approx,cpu,float32,8,32,900,4,1.015425268560648
dim,monomial_approx,cpu,float32,8,32,900,5,1.038645786854128
dim,sigkerax,cpu,float32,8,32,900,1,1.7917798465738697
dim,sigkerax,cpu,float32,8,32,900,2,1.9967130649213989
dim,sigkerax,cpu,float32,8,32,900,3,2.163444507867098
dim,sigkerax,cpu,float32,8,32,900,4,2.514550604236623
dim,monomial_approx,cpu,float32,8,32,950,2,0.8605154752731323
dim,monomial_approx,cpu,float32,8,32,950,3,0.9615180362015964
dim,monomial_approx,cpu,float32,8,32,950,4,1.0089791817590594
dim,monomial_approx,cpu,float32,8,32,950,5,1.0408781540269654
dim,sigkerax,cpu,float32,8,32,950,1,1.7902154431988797
dim,sigkerax,cpu,float32,8,32,950,2,1.9877309501171112
dim,sigkerax,cpu,float32,8,32,950,3,2.2091308031231165
dim,sigkerax,cpu,float32,8,32,950,4,2.5549209620803595
dim,monomial_approx,cpu,float32,8,32,1000,2,0.8648734493181109
dim,monomial_approx,cpu,float32,8,32,1000,3,0.9669865953425566
dim,monomial_approx,cpu,float32,8,32,1000,4,1.015532958321273
dim,monomial_approx,cpu,float32,8,32,1000,5,1.0490496046841145
dim,sigkerax,cpu,float32,8,32,1000,1,1.7858239666869242
dim,sigkerax,cpu,float32,8,32,1000,2,1.969292172541221
dim,sigkerax,cpu,float32,8,32,1000,3,2.217717724541823
dim,sigkerax,cpu,float32,8,32,1000,4,2.5395879639933505
dim,monomial_approx,cpu,float32,8,32,1050,2,0.8653530400867263
dim,monomial_approx,cpu,float32,8,32,1050,3,0.9651055186986924
dim,monomial_approx,cpu,float32,8,32,1050,4,1.016399735895296
dim,monomial_approx,cpu,float32,8,32,1050,5,1.0483849967519443
dim,sigkerax,cpu,float32,8,32,1050,1,1.7838724423199892
dim,sigkerax,cpu,float32,8,32,1050,2,2.000546356973549
dim,sigkerax,cpu,float32,8,32,1050,3,2.2645154328395924
dim,sigkerax,cpu,float32,8,32,1050,4,2.573422064073384
dim,monomial_approx,cpu,float32,8,32,1100,2,0.8733575381338596
dim,monomial_approx,cpu,float32,8,32,1100,3,0.9612615493436656
dim,monomial_approx,cpu,float32,8,32,1100,4,1.020242262010773
dim,monomial_approx,cpu,float32,8,32,1100,5,1.047333212569356
dim,sigkerax,cpu,float32,8,32,1100,1,1.8070449099565544
dim,sigkerax,cpu,float32,8,32,1100,2,2.007342278336486
dim,sigkerax,cpu,float32,8,32,1100,3,2.291787297464907
dim,sigkerax,cpu,float32,8,32,1100,4,2.619077306240797
dim,monomial_approx,cpu,float32,8,32,1150,2,0.8756289330000678
dim,monomial_approx,cpu,float32,8,32,1150,3,0.9742915847649176
dim,monomial_approx,cpu,float32,8,32,1150,4,1.0231149966518085
dim,monomial_approx,cpu,float32,8,32,1150,5,1.057585492109259
dim,sigkerax,cpu,float32,8,32,1150,1,1.792942550033331
dim,sigkerax,cpu,float32,8,32,1150,2,2.024702239471177
dim,sigkerax,cpu,float32,8,32,1150,3,2.315611515504618
dim,sigkerax,cpu,float32,8,32,1150,4,2.649930645401279
dim,monomial_approx,cpu,float32,8,32,1200,2,0.8750915393854181
dim,monomial_approx,cpu,float32,8,32,1200,3,0.9748367366070548
dim,monomial_approx,cpu,float32,8,32,1200,4,1.0252345396826663
dim,monomial_approx,cpu,float32,8,32,1200,5,1.0574476007993023
dim,sigkerax,cpu,float32,8,32,1200,1,1.7896027409782012
dim,sigkerax,cpu,float32,8,32,1200,2,2.026440739942094
dim,sigkerax,cpu,float32,8,32,1200,3,2.32221382856369
dim,sigkerax,cpu,float32,8,32,1200,4,2.6784152071923018
dim,monomial_approx,cpu,float32,8,32,1250,2,0.8722455610210696
dim,monomial_approx,cpu,float32,8,32,1250,3,0.9796777286877236
dim,monomial_approx,cpu,float32,8,32,1250,4,1.0280657072241108
dim,monomial_approx,cpu,float32,8,32,1250,5,1.054996654080848
dim,sigkerax,cpu,float32,8,32,1250,1,1.8091598954051733
dim,sigkerax,cpu,float32,8,32,1250,2,2.0412395196035504
dim,sigkerax,cpu,float32,8,32,1250,3,2.3665811189760766
dim,sigkerax,cpu,float32,8,32,1250,4,2.7167796324938536
dim,monomial_approx,cpu,float32,8,32,1300,2,0.8808617439741889
dim,monomial_approx,cpu,float32,8,32,1300,3,0.981355246466895
dim,monomial_approx,cpu,float32,8,32,1300,4,1.0376929215465982
dim,monomial_approx,cpu,float32,8,32,1300,5,1.0596316220859687
dim,sigkerax,cpu,float32,8,32,1300,1,1.8260199359307687
dim,sigkerax,cpu,float32,8,32,1300,2,2.0599837178985276
dim,sigkerax,cpu,float32,8,32,1300,3,2.363634408141176
dim,sigkerax,cpu,float32,8,32,1300,4,2.796768859028816
dim,monomial_approx,cpu,float32,8,32,1350,2,0.88048480078578
dim,monomial_approx,cpu,float32,8,32,1350,3,0.9799769933645924
dim,monomial_approx,cpu,float32,8,32,1350,4,1.0320282904431224
dim,monomial_approx,cpu,float32,8,32,1350,5,1.0531041650101542
dim,sigkerax,cpu,float32,8,32,1350,1,1.8221595380455256
dim,sigkerax,cpu,float32,8,32,1350,2,2.080726178983847
dim,sigkerax,cpu,float32,8,32,1350,3,2.35489440895617
dim,sigkerax,cpu,float32,8,32,1350,4,2.801753407344222
dim,monomial_approx,cpu,float32,8,32,1400,2,0.8772734592979153
dim,monomial_approx,cpu,float32,8,32,1400,3,0.9800723592440288
dim,monomial_approx,cpu,float32,8,32,1400,4,1.0317264208570125
dim,monomial_approx,cpu,float32,8,32,1400,5,1.069833123125136
dim,sigkerax,cpu,float32,8,32,1400,1,1.8094173440088828
dim,sigkerax,cpu,float32,8,32,1400,2,2.0571811332677803
dim,sigkerax,cpu,float32,8,32,1400,3,2.3528960052256784
dim,sigkerax,cpu,float32,8,32,1400,4,2.8790221186354756
dim,monomial_approx,cpu,float32,8,32,1450,2,0.887339862373968
dim,monomial_approx,cpu,float32,8,32,1450,3,0.9835398998111486
dim,monomial_approx,cpu,float32,8,32,1450,4,1.0383837142338357
dim,monomial_approx,cpu,float32,8,32,1450,5,1.0649646899352472
dim,sigkerax,cpu,float32,8,32,1450,1,1.8285906941940384
dim,sigkerax,cpu,float32,8,32,1450,2,2.10843830400457
dim,sigkerax,cpu,float32,8,32,1450,3,2.414159308808545
dim,sigkerax,cpu,float32,8,32,1450,4,3.044045285011331
dim,monomial_approx,cpu,float32,8,32,1500,2,0.8885662623991569
dim,monomial_approx,cpu,float32,8,32,1500,3,0.9908046023920178
dim,monomial_approx,cpu,float32,8,32,1500,4,1.0429274622971814
dim,monomial_approx,cpu,float32,8,32,1500,5,1.066011286651095
dim,sigkerax,cpu,float32,8,32,1500,1,1.826063039402167
dim,sigkerax,cpu,float32,8,32,1500,2,2.101206020762523
dim,sigkerax,cpu,float32,8,32,1500,3,2.428554351131121
dim,sigkerax,cpu,float32,8,32,1500,4,3.066902235150337
dim,monomial_approx,cpu,float32,8,32,1550,2,0.8933601193130016
dim,monomial_approx,cpu,float32,8,32,1550,3,0.9950247680147488
dim,monomial_approx,cpu,float32,8,32,1550,4,1.0456874479229252
dim,monomial_approx,cpu,float32,8,32,1550,5,1.071228436504801
dim,sigkerax,cpu,float32,8,32,1550,1,1.8376956675201657
dim,sigkerax,cpu,float32,8,32,1550,2,2.1229221538330116
dim,sigkerax,cpu,float32,8,32,1550,3,2.454768556791047
dim,sigkerax,cpu,float32,8,32,1550,4,3.0971916932612658
dim,monomial_approx,cpu,float32,8,32,1600,2,0.8892932484547297
dim,monomial_approx,cpu,float32,8,32,1600,3,0.9919981385270754
dim,monomial_approx,cpu,float32,8,32,1600,4,1.0445518599202237
dim,monomial_approx,cpu,float32,8,32,1600,5,1.0663129619012277
dim,sigkerax,cpu,float32,8,32,1600,1,1.77156940754503
dim,sigkerax,cpu,float32,8,32,1600,2,2.083318409820398
dim,sigkerax,cpu,float32,8,32,1600,3,2.3901946783686676
dim,sigkerax,cpu,float32,8,32,1600,4,3.156817410762111
dim,monomial_approx,cpu,float32,8,32,1650,2,0.8978431706006328
dim,monomial_approx,cpu,float32,8,32,1650,3,0.9986500240241488
dim,monomial_approx,cpu,float32,8,32,1650,4,1.0493158356597023
dim,monomial_approx,cpu,float32,8,32,1650,5,1.0733477007597685
dim,sigkerax,cpu,float32,8,32,1650,1,1.8394912503038845
dim,sigkerax,cpu,float32,8,32,1650,2,2.169205801561475
dim,sigkerax,cpu,float32,8,32,1650,3,2.5144053269177675
dim,sigkerax,cpu,float32,8,32,1650,4,3.2328425521651902
dim,monomial_approx,cpu,float32,8,32,1700,2,0.9003606274103125
dim,monomial_approx,cpu,float32,8,32,1700,3,0.9952130233868955
dim,monomial_approx,cpu,float32,8,32,1700,4,1.0556734294320147
dim,monomial_approx,cpu,float32,8,32,1700,5,1.0774259495859344
dim,sigkerax,cpu,float32,8,32,1700,1,1.8346467446535824
dim,sigkerax,cpu,float32,8,32,1700,2,2.154437312856317
dim,sigkerax,cpu,float32,8,32,1700,3,2.488520589967569
dim,sigkerax,cpu,float32,8,32,1700,4,3.1734059875210128
dim,monomial_approx,cpu,float32,8,32,1750,2,0.902276915498078
dim,monomial_approx,cpu,float32,8,32,1750,3,0.9887326626727978
dim,monomial_approx,cpu,float32,8,32,1750,4,1.0502085505674283
dim,monomial_approx,cpu,float32,8,32,1750,5,1.073201701976359
dim,sigkerax,cpu,float32,8,32,1750,1,1.8302682687838872
dim,sigkerax,cpu,float32,8,32,1750,2,2.168131050032874
dim,sigkerax,cpu,float32,8,32,1750,3,2.560323297356566
dim,sigkerax,cpu,float32,8,32,1750,4,3.188103429352244
dim,monomial_approx,cpu,float32,8,32,1800,2,0.8986293108512958
dim,monomial_approx,cpu,float32,8,32,1800,3,0.999662515707314
dim,monomial_approx,cpu,float32,8,32,1800,4,1.0522716008126736
dim,monomial_approx,cpu,float32,8,32,1800,5,1.0708720510204632
dim,sigkerax,cpu,float32,8,32,1800,1,1.8251330911492307
dim,sigkerax,cpu,float32,8,32,1800,2,2.178666756488383
dim,sigkerax,cpu,float32,8,32,1800,3,2.582906799080471
dim,sigkerax,cpu,float32,8,32,1800,4,3.4278222753976784
dim,monomial_approx,cpu,float32,8,32,1850,2,0.9090836836646
dim,monomial_approx,cpu,float32,8,32,1850,3,1.0107553551594417
dim,monomial_approx,cpu,float32,8,32,1850,4,1.0561045824239652
dim,monomial_approx,cpu,float32,8,32,1850,5,1.075795946021875
dim,sigkerax,cpu,float32,8,32,1850,1,1.838644040438036
dim,sigkerax,cpu,float32,8,32,1850,2,2.189512008180221
dim,sigkerax,cpu,float32,8,32,1850,3,2.5990677221367755
dim,sigkerax,cpu,float32,8,32,1850,4,3.4048623076329627
dim,monomial_approx,cpu,float32,8,32,1900,2,0.9120908565819263
dim,monomial_approx,cpu,float32,8,32,1900,3,1.0147077792013686
dim,monomial_approx,cpu,float32,8,32,1900,4,1.0620780773460865
dim,monomial_approx,cpu,float32,8,32,1900,5,1.084978231228888
dim,sigkerax,cpu,float32,8,32,1900,1,1.8468520486106472
dim,sigkerax,cpu,float32,8,32,1900,2,2.199200325024625
dim,sigkerax,cpu,float32,8,32,1900,3,2.7479997497672835
dim,sigkerax,cpu,float32,8,32,1900,4,3.4296685867011547
dim,monomial_approx,cpu,float32,8,32,1950,2,0.914978539571166
dim,monomial_approx,cpu,float32,8,32,1950,3,1.006541535568734
dim,monomial_approx,cpu,float32,8,32,1950,4,1.0695234931384523
dim,monomial_approx,cpu,float32,8,32,1950,5,1.0879639632379017
dim,sigkerax,cpu,float32,8,32,1950,1,1.853303269483149
dim,sigkerax,cpu,float32,8,32,1950,2,2.214122916571796
dim,sigkerax,cpu,float32,8,32,1950,3,2.7318243955572448
dim,sigkerax,cpu,float32,8,32,1950,4,3.487751674527923
dim,monomial_approx,cpu,float32,8,32,2000,2,0.9112355296189586
dim,monomial_approx,cpu,float32,8,32,2000,3,1.017430471566816
dim,monomial_approx,cpu,float32,8,32,2000,4,1.059786011154453
dim,monomial_approx,cpu,float32,8,32,2000,5,1.088786594569683
dim,sigkerax,cpu,float32,8,32,2000,1,1.8258267280956109
dim,sigkerax,cpu,float32,8,32,2000,2,2.210481882095337
dim,sigkerax,cpu,float32,8,32,2000,3,2.753687572665513
dim,sigkerax,cpu,float32,8,32,2000,4,3.4822514951229095
dim,monomial_approx,gpu,float32,8,32,50,2,0.4723750601600234
dim,monomial_approx,gpu,float32,8,32,50,3,0.4924004328204319
dim,monomial_approx,gpu,float32,8,32,50,4,0.51373264247862
dim,monomial_approx,gpu,float32,8,32,50,5,0.4983527450046192
dim,sigkerax,gpu,float32,8,32,50,1,0.6784632120203847
dim,sigkerax,gpu,float32,8,32,50,2,0.6578127010337388
dim,sigkerax,gpu,float32,8,32,50,3,0.6778763494997596
dim,sigkerax,gpu,float32,8,32,50,4,0.6893582121701911
dim,monomial_approx,gpu,float32,8,32,100,2,0.4805185650087272
dim,monomial_approx,gpu,float32,8,32,100,3,0.4911472625099122
dim,monomial_approx,gpu,float32,8,32,100,4,0.5128813971532509
dim,monomial_approx,gpu,float32,8,32,100,5,0.5130631483625621
dim,sigkerax,gpu,float32,8,32,100,1,0.6423697273324555
dim,sigkerax,gpu,float32,8,32,100,2,0.6937318203272298
dim,sigkerax,gpu,float32,8,32,100,3,0.7153711925105503
dim,sigkerax,gpu,float32,8,32,100,4,0.7288068798370659
dim,monomial_approx,gpu,float32,8,32,150,2,0.4776850542984903
dim,monomial_approx,gpu,float32,8,32,150,3,0.5339199006557465
dim,monomial_approx,gpu,float32,8,32,150,4,0.5150909150252119
dim,monomial_approx,gpu,float32,8,32,150,5,0.4961418566526845
dim,sigkerax,gpu,float32,8,32,150,1,0.7038850768391663
dim,sigkerax,gpu,float32,8,32,150,2,0.700080780001978
dim,sigkerax,gpu,float32,8,32,150,3,0.6961052793388566
dim,sigkerax,gpu,float32,8,32,150,4,0.7809398144794008
dim,monomial_approx,gpu,float32,8,32,200,2,0.4802285866656651
dim,monomial_approx,gpu,float32,8,32,200,3,0.4798820971821745
dim,monomial_approx,gpu,float32,8,32,200,4,0.509295383351855
dim,monomial_approx,gpu,float32,8,32,200,5,0.4768135558115318
dim,sigkerax,gpu,float32,8,32,200,1,0.6633802503347397
dim,sigkerax,gpu,float32,8,32,200,2,0.6893941671587527
dim,sigkerax,gpu,float32,8,32,200,3,0.7266818573698401
dim,sigkerax,gpu,float32,8,32,200,4,0.7382330048518876
dim,monomial_approx,gpu,float32,8,32,250,2,0.4698911611922085
dim,monomial_approx,gpu,float32,8,32,250,3,0.4785193564991156
dim,monomial_approx,gpu,float32,8,32,250,4,0.5049827351855735
dim,monomial_approx,gpu,float32,8,32,250,5,0.4833990470118199
dim,sigkerax,gpu,float32,8,32,250,1,0.6956095906595389
dim,sigkerax,gpu,float32,8,32,250,2,0.7637158716485525
dim,sigkerax,gpu,float32,8,32,250,3,0.7634040255021924
dim,sigkerax,gpu,float32,8,32,250,4,0.7973677668099602
dim,monomial_approx,gpu,float32,8,32,300,2,0.4939395214896649
dim,monomial_approx,gpu,float32,8,32,300,3,0.5084195364809906
dim,monomial_approx,gpu,float32,8,32,300,4,0.5074643378223603
dim,monomial_approx,gpu,float32,8,32,300,5,0.5389092474943027
dim,sigkerax,gpu,float32,8,32,300,1,0.6846705658438926
dim,sigkerax,gpu,float32,8,32,300,2,0.7173982063541189
dim,sigkerax,gpu,float32,8,32,300,3,0.7344455931646129
dim,sigkerax,gpu,float32,8,32,300,4,0.6904557596814508
dim,monomial_approx,gpu,float32,8,32,350,2,0.4728482288386051
dim,monomial_approx,gpu,float32,8,32,350,3,0.5003288936568424
dim,monomial_approx,gpu,float32,8,32,350,4,0.489216244352671
dim,monomial_approx,gpu,float32,8,32,350,5,0.5074917873134837
dim,sigkerax,gpu,float32,8,32,350,1,0.6461608805305635
dim,sigkerax,gpu,float32,8,32,350,2,0.7410318733503422
dim,sigkerax,gpu,float32,8,32,350,3,0.7392384479753673
dim,sigkerax,gpu,float32,8,32,350,4,0.700292163179256
dim,monomial_approx,gpu,float32,8,32,400,2,0.4646588369893531
dim,monomial_approx,gpu,float32,8,32,400,3,0.4911603256671999
dim,monomial_approx,gpu,float32,8,32,400,4,0.5068315079746147
dim,monomial_approx,gpu,float32,8,32,400,5,0.4971270111855119
dim,sigkerax,gpu,float32,8,32,400,1,0.6506955835114544
dim,sigkerax,gpu,float32,8,32,400,2,0.7153609455175077
dim,sigkerax,gpu,float32,8,32,400,3,0.722246587703315
dim,sigkerax,gpu,float32,8,32,400,4,0.7547069529925162
dim,monomial_approx,gpu,float32,8,32,450,2,0.4627623400107647
dim,monomial_approx,gpu,float32,8,32,450,3,0.4789573429928471
dim,monomial_approx,gpu,float32,8,32,450,4,0.506308194482699
dim,monomial_approx,gpu,float32,8,32,450,5,0.4921261188186084
dim,sigkerax,gpu,float32,8,32,450,1,0.6645210446634641
dim,sigkerax,gpu,float32,8,32,450,2,0.733916241171149
dim,sigkerax,gpu,float32,8,32,450,3,0.7098304766695946
dim,sigkerax,gpu,float32,8,32,450,4,0.7172160113307958
dim,monomial_approx,gpu,float32,8,32,500,2,0.4673810501893361
dim,monomial_approx,gpu,float32,8,32,500,3,0.4921990618652974
dim,monomial_approx,gpu,float32,8,32,500,4,0.5002004214717696
dim,monomial_approx,gpu,float32,8,32,500,5,0.4988160945164661
dim,sigkerax,gpu,float32,8,32,500,1,0.6981482436725249
dim,sigkerax,gpu,float32,8,32,500,2,0.7045863703048477
dim,sigkerax,gpu,float32,8,32,500,3,0.6855501956694449
dim,sigkerax,gpu,float32,8,32,500,4,0.6954263764976835
dim,monomial_approx,gpu,float32,8,32,550,2,0.4822140153264627
dim,monomial_approx,gpu,float32,8,32,550,3,0.5087123506624872
dim,monomial_approx,gpu,float32,8,32,550,4,0.5289954054945459
dim,monomial_approx,gpu,float32,8,32,550,5,0.5130697056495895
dim,sigkerax,gpu,float32,8,32,550,1,0.7276582681806758
dim,sigkerax,gpu,float32,8,32,550,2,0.7557877649863561
dim,sigkerax,gpu,float32,8,32,550,3,0.708059602494662
dim,sigkerax,gpu,float32,8,32,550,4,0.7100093406625092
dim,monomial_approx,gpu,float32,8,32,600,2,0.4931882581440732
dim,monomial_approx,gpu,float32,8,32,600,3,0.5153652678321426
dim,monomial_approx,gpu,float32,8,32,600,4,0.5051810274987171
dim,monomial_approx,gpu,float32,8,32,600,5,0.5172514486669874
dim,sigkerax,gpu,float32,8,32,600,1,0.6971787033447375
dim,sigkerax,gpu,float32,8,32,600,2,0.7165464633144438
dim,sigkerax,gpu,float32,8,32,600,3,0.6821859843330458
dim,sigkerax,gpu,float32,8,32,600,4,0.7089675193031629
dim,monomial_approx,gpu,float32,8,32,650,2,0.4850768843510498
dim,monomial_approx,gpu,float32,8,32,650,3,0.5119512211531401
dim,monomial_approx,gpu,float32,8,32,650,4,0.530534272470201
dim,monomial_approx,gpu,float32,8,32,650,5,0.5174619353298718
dim,sigkerax,gpu,float32,8,32,650,1,0.7184724103426561
dim,sigkerax,gpu,float32,8,32,650,2,0.74430554616265
dim,sigkerax,gpu,float32,8,32,650,3,0.7263894191710278
dim,sigkerax,gpu,float32,8,32,650,4,0.7172783479715387
dim,monomial_approx,gpu,float32,8,32,700,2,0.4729884026649718
dim,monomial_approx,gpu,float32,8,32,700,3,0.5030585776548833
dim,monomial_approx,gpu,float32,8,32,700,4,0.5172508756707733
dim,monomial_approx,gpu,float32,8,32,700,5,0.5296372056861097
dim,sigkerax,gpu,float32,8,32,700,1,0.6836825954960659
dim,sigkerax,gpu,float32,8,32,700,2,0.7296002104800815
dim,sigkerax,gpu,float32,8,32,700,3,0.6989381431679552
dim,sigkerax,gpu,float32,8,32,700,4,0.6951086959646394
dim,monomial_approx,gpu,float32,8,32,750,2,0.4866670590126887
dim,monomial_approx,gpu,float32,8,32,750,3,0.537027879152447
dim,monomial_approx,gpu,float32,8,32,750,4,0.5455894620002558
dim,monomial_approx,gpu,float32,8,32,750,5,0.5259778528319051
dim,sigkerax,gpu,float32,8,32,750,1,0.7407321776651467
dim,sigkerax,gpu,float32,8,32,750,2,0.7449377463587249
dim,sigkerax,gpu,float32,8,32,750,3,0.7433401413339501
dim,sigkerax,gpu,float32,8,32,750,4,0.7476599809791272
dim,monomial_approx,gpu,float32,8,32,800,2,0.4864412759973978
dim,monomial_approx,gpu,float32,8,32,800,3,0.5419837368341783
dim,monomial_approx,gpu,float32,8,32,800,4,0.5276637173568209
dim,monomial_approx,gpu,float32,8,32,800,5,0.5163592819978172
dim,sigkerax,gpu,float32,8,32,800,1,0.7362867471917222
dim,sigkerax,gpu,float32,8,32,800,2,0.7121423143350208
dim,sigkerax,gpu,float32,8,32,800,3,0.7099869401815037
dim,sigkerax,gpu,float32,8,32,800,4,0.7517589619771267
dim,monomial_approx,gpu,float32,8,32,850,2,0.5117501993663609
dim,monomial_approx,gpu,float32,8,32,850,3,0.533143372197325
dim,monomial_approx,gpu,float32,8,32,850,4,0.5399464960210025
dim,monomial_approx,gpu,float32,8,32,850,5,0.5226159953357031
dim,sigkerax,gpu,float32,8,32,850,1,0.7218315926535676
dim,sigkerax,gpu,float32,8,32,850,2,0.7163465196499601
dim,sigkerax,gpu,float32,8,32,850,3,0.7229313783269996
dim,sigkerax,gpu,float32,8,32,850,4,0.7521285876476517
dim,monomial_approx,gpu,float32,8,32,900,2,0.4902967381446312
dim,monomial_approx,gpu,float32,8,32,900,3,0.5197110309964046
dim,monomial_approx,gpu,float32,8,32,900,4,0.5315679553508138
dim,monomial_approx,gpu,float32,8,32,900,5,0.5250186815004175
dim,sigkerax,gpu,float32,8,32,900,1,0.7136746403217936
dim,sigkerax,gpu,float32,8,32,900,2,0.7238751376668612
dim,sigkerax,gpu,float32,8,32,900,3,0.7182098843234902
dim,sigkerax,gpu,float32,8,32,900,4,0.7396029529627413
dim,monomial_approx,gpu,float32,8,32,950,2,0.494509501188683
dim,monomial_approx,gpu,float32,8,32,950,3,0.5252233616774902
dim,monomial_approx,gpu,float32,8,32,950,4,0.5278014623715231
dim,monomial_approx,gpu,float32,8,32,950,5,0.5311613198136911
dim,sigkerax,gpu,float32,8,32,950,1,0.7298138496698812
dim,sigkerax,gpu,float32,8,32,950,2,0.7106670674790317
dim,sigkerax,gpu,float32,8,32,950,3,0.7228774481530612
dim,sigkerax,gpu,float32,8,32,950,4,0.7669129619995753
dim,monomial_approx,gpu,float32,8,32,1000,2,0.4915532006804521
dim,monomial_approx,gpu,float32,8,32,1000,3,0.517090757843107
dim,monomial_approx,gpu,float32,8,32,1000,4,0.5301278460149964
dim,monomial_approx,gpu,float32,8,32,1000,5,0.5133629550303643
dim,sigkerax,gpu,float32,8,32,1000,1,0.7209159501750643
dim,sigkerax,gpu,float32,8,32,1000,2,0.6995937383423249
dim,sigkerax,gpu,float32,8,32,1000,3,0.7557005411945283
dim,sigkerax,gpu,float32,8,32,1000,4,0.7514390051752949
dim,monomial_approx,gpu,float32,8,32,1050,2,0.4980884038377553
dim,monomial_approx,gpu,float32,8,32,1050,3,0.5233932719953979
dim,monomial_approx,gpu,float32,8,32,1050,4,0.5482625391644737
dim,monomial_approx,gpu,float32,8,32,1050,5,0.5454310856681938
dim,sigkerax,gpu,float32,8,32,1050,1,0.7551516214928901
dim,sigkerax,gpu,float32,8,32,1050,2,0.7267769536701962
dim,sigkerax,gpu,float32,8,32,1050,3,0.7424161821448555
dim,sigkerax,gpu,float32,8,32,1050,4,0.7691563596793761
dim,monomial_approx,gpu,float32,8,32,1100,2,0.4983406068058684
dim,monomial_approx,gpu,float32,8,32,1100,3,0.5269889908377081
dim,monomial_approx,gpu,float32,8,32,1100,4,0.5358205588224033
dim,monomial_approx,gpu,float32,8,32,1100,5,0.5310159973644962
dim,sigkerax,gpu,float32,8,32,1100,1,0.7335072041799625
dim,sigkerax,gpu,float32,8,32,1100,2,0.7280774302004526
dim,sigkerax,gpu,float32,8,32,1100,3,0.7440372238246103
dim,sigkerax,gpu,float32,8,32,1100,4,0.7516330518216515
dim,monomial_approx,gpu,float32,8,32,1150,2,0.4907285385221864
dim,monomial_approx,gpu,float32,8,32,1150,3,0.539231131823423
dim,monomial_approx,gpu,float32,8,32,1150,4,0.5458524555045491
dim,monomial_approx,gpu,float32,8,32,1150,5,0.534390416694805
dim,sigkerax,gpu,float32,8,32,1150,1,0.7502742351498455
dim,sigkerax,gpu,float32,8,32,1150,2,0.7333514414882908
dim,sigkerax,gpu,float32,8,32,1150,3,0.7694446726624543
dim,sigkerax,gpu,float32,8,32,1150,4,0.7319299161899835
dim,monomial_approx,gpu,float32,8,32,1200,2,0.4969299153114359
dim,monomial_approx,gpu,float32,8,32,1200,3,0.5202521496685222
dim,monomial_approx,gpu,float32,8,32,1200,4,0.5260221678375577
dim,monomial_approx,gpu,float32,8,32,1200,5,0.5173212223453447
dim,sigkerax,gpu,float32,8,32,1200,1,0.7315912366611883
dim,sigkerax,gpu,float32,8,32,1200,2,0.7222960106640434
dim,sigkerax,gpu,float32,8,32,1200,3,0.7418059008195996
dim,sigkerax,gpu,float32,8,32,1200,4,0.7530868613393977
dim,monomial_approx,gpu,float32,8,32,1250,2,0.5016192683251575
dim,monomial_approx,gpu,float32,8,32,1250,3,0.5440912765140334
dim,monomial_approx,gpu,float32,8,32,1250,4,0.5334098808622608
dim,monomial_approx,gpu,float32,8,32,1250,5,0.5372549316380173
dim,sigkerax,gpu,float32,8,32,1250,1,0.7613928238473212
dim,sigkerax,gpu,float32,8,32,1250,2,0.7446829726686701
dim,sigkerax,gpu,float32,8,32,1250,3,0.7816764756571501
dim,sigkerax,gpu,float32,8,32,1250,4,0.7797339553168664
dim,monomial_approx,gpu,float32,8,32,1300,2,0.4933789761659379
dim,monomial_approx,gpu,float32,8,32,1300,3,0.5312164568264658
dim,monomial_approx,gpu,float32,8,32,1300,4,0.5406668024758498
dim,monomial_approx,gpu,float32,8,32,1300,5,0.5303509222964445
dim,sigkerax,gpu,float32,8,32,1300,1,0.7271428761693338
dim,sigkerax,gpu,float32,8,32,1300,2,0.719042208006916
dim,sigkerax,gpu,float32,8,32,1300,3,0.7478428996400908
dim,sigkerax,gpu,float32,8,32,1300,4,0.760029617153729
dim,monomial_approx,gpu,float32,8,32,1350,2,0.494376647984609
dim,monomial_approx,gpu,float32,8,32,1350,3,0.542402325818936
dim,monomial_approx,gpu,float32,8,32,1350,4,0.5384376905082414
dim,monomial_approx,gpu,float32,8,32,1350,5,0.5479143936730301
dim,sigkerax,gpu,float32,8,32,1350,1,0.7415891035149494
dim,sigkerax,gpu,float32,8,32,1350,2,0.7163305639987811
dim,sigkerax,gpu,float32,8,32,1350,3,0.7737096019942934
dim,sigkerax,gpu,float32,8,32,1350,4,0.7827817078214139
dim,monomial_approx,gpu,float32,8,32,1400,2,0.4963421499899899
dim,monomial_approx,gpu,float32,8,32,1400,3,0.5336038883542642
dim,monomial_approx,gpu,float32,8,32,1400,4,0.542034318864656
dim,monomial_approx,gpu,float32,8,32,1400,5,0.5381254915070409
dim,sigkerax,gpu,float32,8,32,1400,1,0.7298337531974539
dim,sigkerax,gpu,float32,8,32,1400,2,0.6976310981748005
dim,sigkerax,gpu,float32,8,32,1400,3,0.738727786190187
dim,sigkerax,gpu,float32,8,32,1400,4,0.7366039018379524
dim,monomial_approx,gpu,float32,8,32,1450,2,0.533098038014335
dim,monomial_approx,gpu,float32,8,32,1450,3,0.5409923696424812
dim,monomial_approx,gpu,float32,8,32,1450,4,0.5429061589917789
dim,monomial_approx,gpu,float32,8,32,1450,5,0.550250080996193
dim,sigkerax,gpu,float32,8,32,1450,1,0.7341221516641477
dim,sigkerax,gpu,float32,8,32,1450,2,0.7619462613171587
dim,sigkerax,gpu,float32,8,32,1450,3,0.7925242950053265
dim,sigkerax,gpu,float32,8,32,1450,4,0.7810065074979017
dim,monomial_approx,gpu,float32,8,32,1500,2,0.5042610933305696
dim,monomial_approx,gpu,float32,8,32,1500,3,0.5395593044813722
dim,monomial_approx,gpu,float32,8,32,1500,4,0.5315581439839056
dim,monomial_approx,gpu,float32,8,32,1500,5,0.5491560666511456
dim,sigkerax,gpu,float32,8,32,1500,1,0.730115500317576
dim,sigkerax,gpu,float32,8,32,1500,2,0.7161026834898317
dim,sigkerax,gpu,float32,8,32,1500,3,0.7532628588378429
dim,sigkerax,gpu,float32,8,32,1500,4,0.7712794835291182
dim,monomial_approx,gpu,float32,8,32,1550,2,0.506793930195272
dim,monomial_approx,gpu,float32,8,32,1550,3,0.541535301017575
dim,monomial_approx,gpu,float32,8,32,1550,4,0.5482036268416172
dim,monomial_approx,gpu,float32,8,32,1550,5,0.5362592899861435
dim,sigkerax,gpu,float32,8,32,1550,1,0.7680840906687081
dim,sigkerax,gpu,float32,8,32,1550,2,0.786619751015678
dim,sigkerax,gpu,float32,8,32,1550,3,0.7719154300090546
dim,sigkerax,gpu,float32,8,32,1550,4,0.7888644393145418
dim,monomial_approx,gpu,float32,8,32,1600,2,0.5006151368143037
dim,monomial_approx,gpu,float32,8,32,1600,3,0.529727728649353
dim,monomial_approx,gpu,float32,8,32,1600,4,0.5410587253281847
dim,monomial_approx,gpu,float32,8,32,1600,5,0.5573353418149054
dim,sigkerax,gpu,float32,8,32,1600,1,0.7417676798067987
dim,sigkerax,gpu,float32,8,32,1600,2,0.7376660978188738
dim,sigkerax,gpu,float32,8,32,1600,3,0.7695509231804559
dim,sigkerax,gpu,float32,8,32,1600,4,0.7792602838405097
dim,monomial_approx,gpu,float32,8,32,1650,2,0.5106880440143868
dim,monomial_approx,gpu,float32,8,32,1650,3,0.5478594156835849
dim,monomial_approx,gpu,float32,8,32,1650,4,0.5690027541325738
dim,monomial_approx,gpu,float32,8,32,1650,5,0.5519137221466129
dim,sigkerax,gpu,float32,8,32,1650,1,0.7708514385158196
dim,sigkerax,gpu,float32,8,32,1650,2,0.7717606865335256
dim,sigkerax,gpu,float32,8,32,1650,3,0.7693806196718166
dim,sigkerax,gpu,float32,8,32,1650,4,0.798469094831186
dim,monomial_approx,gpu,float32,8,32,1700,2,0.50025640699702
dim,monomial_approx,gpu,float32,8,32,1700,3,0.5444253888369227
dim,monomial_approx,gpu,float32,8,32,1700,4,0.5397550835041329
dim,monomial_approx,gpu,float32,8,32,1700,5,0.5453195169878503
dim,sigkerax,gpu,float32,8,32,1700,1,0.7458210809854791
dim,sigkerax,gpu,float32,8,32,1700,2,0.753919796164458
dim,sigkerax,gpu,float32,8,32,1700,3,0.7588959446487328
dim,sigkerax,gpu,float32,8,32,1700,4,0.760958299661676
dim,monomial_approx,gpu,float32,8,32,1750,2,0.4972791328715781
dim,monomial_approx,gpu,float32,8,32,1750,3,0.5385002904804423
dim,monomial_approx,gpu,float32,8,32,1750,4,0.5882886746743073
dim,monomial_approx,gpu,float32,8,32,1750,5,0.55141330731567
dim,sigkerax,gpu,float32,8,32,1750,1,0.7488662269897759
dim,sigkerax,gpu,float32,8,32,1750,2,0.7966972823099544
dim,sigkerax,gpu,float32,8,32,1750,3,0.7941486402026688
dim,sigkerax,gpu,float32,8,32,1750,4,0.786688594186368
dim,monomial_approx,gpu,float32,8,32,1800,2,0.5119757630163804
dim,monomial_approx,gpu,float32,8,32,1800,3,0.5236452003397668
dim,monomial_approx,gpu,float32,8,32,1800,4,0.5549683276719103
dim,monomial_approx,gpu,float32,8,32,1800,5,0.5488715013101076
dim,sigkerax,gpu,float32,8,32,1800,1,0.793152756174095
dim,sigkerax,gpu,float32,8,32,1800,2,0.7826071995077655
dim,sigkerax,gpu,float32,8,32,1800,3,0.7959483268205076
dim,sigkerax,gpu,float32,8,32,1800,4,0.8214278373634443
dim,monomial_approx,gpu,float32,8,32,1850,2,0.5312110154967135
dim,monomial_approx,gpu,float32,8,32,1850,3,0.5664915601567676
dim,monomial_approx,gpu,float32,8,32,1850,4,0.5772881351488953
dim,monomial_approx,gpu,float32,8,32,1850,5,0.5665733839850873
dim,sigkerax,gpu,float32,8,32,1850,1,0.7890171285253018
dim,sigkerax,gpu,float32,8,32,1850,2,0.7824948268244043
dim,sigkerax,gpu,float32,8,32,1850,3,0.7986042043194175
dim,sigkerax,gpu,float32,8,32,1850,4,0.8088784965220839
dim,monomial_approx,gpu,float32,8,32,1900,2,0.5077335791817555
dim,monomial_approx,gpu,float32,8,32,1900,3,0.5434789723561456
dim,monomial_approx,gpu,float32,8,32,1900,4,0.5606689240084961
dim,monomial_approx,gpu,float32,8,32,1900,5,0.5522970595241835
dim,sigkerax,gpu,float32,8,32,1900,1,0.7550749770210435
dim,sigkerax,gpu,float32,8,32,1900,2,0.7807389665006971
dim,sigkerax,gpu,float32,8,32,1900,3,0.8010122928535566
dim,sigkerax,gpu,float32,8,32,1900,4,0.7848220405091221
dim,monomial_approx,gpu,float32,8,32,1950,2,0.5184117768270274
dim,monomial_approx,gpu,float32,8,32,1950,3,0.5315292160181949
dim,monomial_approx,gpu,float32,8,32,1950,4,0.547644673807857
dim,monomial_approx,gpu,float32,8,32,1950,5,0.5573318943303699
dim,sigkerax,gpu,float32,8,32,1950,1,0.7816293179833641
dim,sigkerax,gpu,float32,8,32,1950,2,0.8003958171466365
dim,sigkerax,gpu,float32,8,32,1950,3,0.8205120547985038
dim,sigkerax,gpu,float32,8,32,1950,4,0.8103949936339632
dim,monomial_approx,gpu,float32,8,32,2000,2,0.5101106993388385
dim,monomial_approx,gpu,float32,8,32,2000,3,0.5413017763445774
dim,monomial_approx,gpu,float32,8,32,2000,4,0.545977188157849
dim,monomial_approx,gpu,float32,8,32,2000,5,0.5451395096800601
dim,sigkerax,gpu,float32,8,32,2000,1,0.7595997460108871
dim,sigkerax,gpu,float32,8,32,2000,2,0.7796121846574048
dim,sigkerax,gpu,float32,8,32,2000,3,0.7784391336996729
dim,sigkerax,gpu,float32,8,32,2000,4,0.7907543273565049
